id,name,index
2,amiya,0
2,amiya,0
2,amiya,0
2,amiya,0
2,amiya,0
2,amiya,0
3,kalts,1
3,kalts,1
3,kalts,1
4,mon3tr,2
7,closre,3
9,12fce,4
10,chen,5
10,chen,5
10,chen,5
10,chen,5
10,chen,5
17,huang,6
17,huang,6
17,huang,6
17,huang,6
1001,amiya2,7
1001,amiya2,7
1001,amiya2,7
1011,lava2,8
1011,lava2,8
1011,lava2,8
1012,skadi2,9
1012,skadi2,9
1012,skadi2,9
1012,skadi2,9
1013,chen2,10
1013,chen2,10
1013,chen2,10
1014,nearl2,11
1014,nearl2,11
1014,nearl2,11
1016,agoat2,12
1016,agoat2,12
101,sora,13
101,sora,13
101,sora,13
101,sora,13
1020,reed2,14
1020,reed2,14
1020,reed2,14
1021,kroos2,15
1021,kroos2,15
1021,kroos2,15
1023,ghost2,16
1023,ghost2,16
1023,ghost2,16
1024,hbisc2,17
1024,hbisc2,17
1026,gvial2,18
1026,gvial2,18
1026,gvial2,18
1027,greyy2,19
1027,greyy2,19
1027,greyy2,19
1028,texas2,20
1028,texas2,20
1028,texas2,20
1029,yato2,21
1029,yato2,21
102,texas,22
102,texas,22
102,texas,22
102,texas,22
1030,noirc2,23
1030,noirc2,23
1031,slent2,24
1031,slent2,24
1031,slent2,24
1032,excu2,25
1032,excu2,25
1033,swire2,26
1033,swire2,26
1033,swire2,26
1034,jesca2,27
1034,jesca2,27
1035,wisdel,28
1035,wisdel,28
1036,fang2,29
1036,fang2,29
1037,amiya3,30
103,angel,31
103,angel,31
103,angel,31
103,angel,31
103,angel,31
105,emperor,32
106,franka,33
106,franka,33
106,franka,33
107,liskam,34
107,liskam,34
107,liskam,34
107,liskam,34
108,silent,35
108,silent,35
108,silent,35
108,silent,35
109,fmout,36
109,fmout,36
109,fmout,36
110,deepcl,37
110,deepcl,37
110,deepcl,37
112,siege,38
112,siege,38
112,siege,38
112,siege,38
113,cqbw,39
113,cqbw,39
113,cqbw,39
115,headbr,40
115,headbr,40
115,headbr,40
115,headbr,40
117,myrrh,41
117,myrrh,41
117,myrrh,41
118,yuki,42
118,yuki,42
118,yuki,42
120,hibisc,43
120,hibisc,43
121,lava,44
121,lava,44
122,beagle,45
122,beagle,45
123,fang,46
123,fang,46
124,kroos,47
124,kroos,47
126,shotst,48
126,shotst,48
126,shotst,48
126,shotst,48
127,estell,49
127,estell,49
128,plosis,50
128,plosis,50
128,plosis,50
129,bluep,51
129,bluep,51
129,bluep,51
129,bluep,51
130,doberm,52
130,doberm,52
130,doberm,52
131,flameb,53
131,flameb,53
131,flameb,53
131,flameb,53
133,mm,54
133,mm,54
134,ifrit,55
134,ifrit,55
134,ifrit,55
134,ifrit,55
135,halo,56
135,halo,56
135,halo,56
136,hsguma,57
136,hsguma,57
136,hsguma,57
136,hsguma,57
137,brownb,58
137,brownb,58
137,brownb,58
140,whitew,59
140,whitew,59
140,whitew,59
141,nights,60
141,nights,60
143,ghost,61
143,ghost,61
143,ghost,61
144,red,62
144,red,62
144,red,62
145,prove,63
145,prove,63
145,prove,63
145,prove,63
147,shining,64
147,shining,64
147,shining,64
148,nearl,65
148,nearl,65
148,nearl,65
149,scave,66
149,scave,66
149,scave,66
1505,frstar,67
150,snakek,68
150,snakek,68
150,snakek,68
151,myrtle,69
151,myrtle,69
151,myrtle,69
151,myrtle,69
154,morgan,70
154,morgan,70
155,tiger,71
155,tiger,71
155,tiger,71
157,dagda,72
157,dagda,72
158,milu,73
158,milu,73
158,milu,73
158,milu,73
159,peacok,74
159,peacok,74
159,peacok,74
163,hpsts,75
163,hpsts,75
164,nightm,76
164,nightm,76
164,nightm,76
166,skfire,77
166,skfire,77
166,skfire,77
171,bldsk,78
171,bldsk,78
171,bldsk,78
171,bldsk,78
172,svrash,79
172,svrash,79
172,svrash,79
172,svrash,79
172,svrash,79
173,slchan,80
173,slchan,80
173,slchan,80
173,slchan,80
174,slbell,81
174,slbell,81
174,slbell,81
179,cgbird,82
179,cgbird,82
179,cgbird,82
180,amgoat,83
180,amgoat,83
180,amgoat,83
181,flower,84
181,flower,84
181,flower,84
181,flower,84
183,skgoat,85
183,skgoat,85
183,skgoat,85
185,frncat,86
185,frncat,86
185,frncat,86
187,ccheal,87
187,ccheal,87
187,ccheal,87
188,helage,88
188,helage,88
188,helage,88
190,clour,89
190,clour,89
192,falco,90
192,falco,90
193,frostl,91
193,frostl,91
193,frostl,91
194,leto,92
194,leto,92
195,glassb,93
195,glassb,93
195,glassb,93
196,sunbr,94
196,sunbr,94
196,sunbr,94
197,poca,95
197,poca,95
197,poca,95
198,blackd,96
198,blackd,96
198,blackd,96
198,blackd,96
199,yak,97
199,yak,97
199,yak,97
2012,typhon,98
2012,typhon,98
2012,typhon,98
2013,cerber,99
2013,cerber,99
2013,cerber,99
2013,cerber,99
2014,nian,100
2014,nian,100
2014,nian,100
2015,dusk,101
2015,dusk,101
2015,dusk,101
201,moeshd,102
201,moeshd,102
201,moeshd,102
201,moeshd,102
2023,ling,103
2023,ling,103
2023,ling,103
2023,ling,103
2024,chyue,104
2024,chyue,104
2024,chyue,104
2025,shu,105
2025,shu,105
202,demkni,106
202,demkni,106
202,demkni,106
202,demkni,106
204,platnm,107
204,platnm,107
204,platnm,107
206,gnosis,108
206,gnosis,108
206,gnosis,108
208,melan,109
208,melan,109
209,ardign,110
209,ardign,110
209,ardign,110
210,stward,111
210,stward,111
211,adnach,112
211,adnach,112
212,ansel,113
212,ansel,113
212,ansel,113
213,mostma,114
213,mostma,114
213,mostma,114
214,kafka,115
214,kafka,115
214,kafka,115
215,mantic,116
215,mantic,116
215,mantic,116
215,mantic,116
218,cuttle,117
218,cuttle,117
218,cuttle,117
219,meteo,118
219,meteo,118
219,meteo,118
220,grani,119
220,grani,119
220,grani,119
222,bpipe,120
222,bpipe,120
222,bpipe,120
222,bpipe,120
225,haak,121
225,haak,121
225,haak,121
225,haak,121
226,hmau,122
226,hmau,122
226,hmau,122
230,savage,123
230,savage,123
230,savage,123
235,jesica,124
235,jesica,124
235,jesica,124
235,jesica,124
235,jesica,124
236,rope,125
236,rope,125
236,rope,125
236,rope,125
237,gravel,126
237,gravel,126
237,gravel,126
240,wyvern,127
241,panda,128
241,panda,128
241,panda,128
241,panda,128
242,otter,129
242,otter,129
242,otter,129
243,waaifu,130
243,waaifu,130
243,waaifu,130
245,cello,131
245,cello,131
248,mgllan,132
248,mgllan,132
248,mgllan,132
249,mlyss,133
249,mlyss,133
249,mlyss,133
250,phatom,134
250,phatom,134
250,phatom,134
250,phatom,134
252,bibeak,135
252,bibeak,135
252,bibeak,135
253,greyy,136
253,greyy,136
253,greyy,136
254,vodfox,137
254,vodfox,137
254,vodfox,137
258,podego,138
258,podego,138
258,podego,138
260,durnar,139
260,durnar,139
261,sddrag,140
261,sddrag,140
261,sddrag,140
263,skadi,141
263,skadi,141
263,skadi,141
263,skadi,141
264,f12yin,142
264,f12yin,142
264,f12yin,142
264,f12yin,142
265,sophia,143
265,sophia,143
265,sophia,143
271,spikes,144
271,spikes,144
271,spikes,144
271,spikes,144
272,strong,145
272,strong,145
272,strong,145
274,astesi,146
274,astesi,146
274,astesi,146
274,astesi,146
274,astesi,146
275,breeze,147
275,breeze,147
277,sqrrel,148
277,sqrrel,148
277,sqrrel,148
278,orchid,149
278,orchid,149
279,excu,150
279,excu,150
279,excu,150
281,popka,151
282,catap,152
283,midn,153
283,midn,153
284,spot,154
284,spot,154
285,medic2,155
285,medic2,155
286,cast3,156
286,cast3,156
289,gyuki,157
289,gyuki,157
290,vigna,158
290,vigna,158
290,vigna,158
290,vigna,158
291,aglina,159
291,aglina,159
291,aglina,159
291,aglina,159
293,thorns,160
293,thorns,160
293,thorns,160
293,thorns,160
294,ayer,161
294,ayer,161
294,ayer,161
297,hamoni,162
297,hamoni,162
297,hamoni,162
297,hamoni,162
298,susuro,163
298,susuro,163
298,susuro,163
300,phenxi,164
300,phenxi,164
300,phenxi,164
301,cutter,165
301,cutter,165
302,glaze,166
302,glaze,166
302,glaze,166
304,zebra,167
304,zebra,167
304,zebra,167
306,leizi,168
306,leizi,168
308,swire,169
308,swire,169
308,swire,169
311,mudrok,170
311,mudrok,170
311,mudrok,170
311,mudrok,170
322,lmlee,171
322,lmlee,171
322,lmlee,171
322,lmlee,171
325,bison,172
325,bison,172
326,glacus,173
326,glacus,173
326,glacus,173
328,cammou,174
328,cammou,174
328,cammou,174
332,archet,175
332,archet,175
332,archet,175
333,sidero,176
333,sidero,176
333,sidero,176
336,folivo,177
336,folivo,177
336,folivo,177
337,utage,178
337,utage,178
337,utage,178
337,utage,178
338,iris,179
338,iris,179
338,iris,179
340,shwaz,180
340,shwaz,180
340,shwaz,180
340,shwaz,180
340,shwaz,180
341,sntlla,181
341,sntlla,181
341,sntlla,181
343,tknogi,182
343,tknogi,182
343,tknogi,182
343,tknogi,182
344,beewax,183
344,beewax,183
344,beewax,183
344,beewax,183
345,folnic,184
345,folnic,184
345,folnic,184
346,aosta,185
346,aosta,185
346,aosta,185
347,jaksel,186
347,jaksel,186
347,jaksel,186
348,ceylon,187
348,ceylon,187
348,ceylon,187
349,chiave,188
349,chiave,188
350,surtr,189
350,surtr,189
350,surtr,189
350,surtr,189
355,ethan,190
355,ethan,190
355,ethan,190
356,broca,191
356,broca,191
356,broca,191
358,lisa,192
358,lisa,192
358,lisa,192
358,lisa,192
358,lisa,192
362,saga,193
362,saga,193
362,saga,193
363,toddi,194
363,toddi,194
365,aprl,195
365,aprl,195
365,aprl,195
366,acdrop,196
366,acdrop,196
366,acdrop,196
367,swllow,197
367,swllow,197
367,swllow,197
369,bena,198
369,bena,198
373,lionhd,199
373,lionhd,199
373,lionhd,199
373,lionhd,199
376,therex,200
376,therex,200
377,gdglow,201
377,gdglow,201
377,gdglow,201
377,gdglow,201
377,gdglow,201
378,asbest,202
378,asbest,202
378,asbest,202
379,sesa,203
379,sesa,203
381,bubble,204
381,bubble,204
383,snsant,205
383,snsant,205
383,snsant,205
385,finlpp,206
385,finlpp,206
385,finlpp,206
388,mint,207
388,mint,207
388,mint,207
388,mint,207
391,rosmon,208
391,rosmon,208
391,rosmon,208
4000,jnight,209
4000,jnight,209
4004,pudd,210
4004,pudd,210
4004,pudd,210
4006,melnte,211
4006,melnte,211
4006,melnte,211
4009,irene,212
4009,irene,212
4009,irene,212
400,weedy,213
400,weedy,213
400,weedy,213
4011,lessng,214
4011,lessng,214
4013,kjera,215
4013,kjera,215
4013,kjera,215
4014,lunacu,216
4014,lunacu,216
4014,lunacu,216
4015,spuria,217
4015,spuria,217
4016,kazema,218
4016,kazema,218
4016,kazema,218
4017,puzzle,219
4017,puzzle,219
4017,puzzle,219
4019,ncdeer,220
4019,ncdeer,220
4019,ncdeer,220
401,elysm,221
401,elysm,221
401,elysm,221
401,elysm,221
4023,rfalcn,222
4023,rfalcn,222
4025,aprot2,223
4025,aprot2,223
4025,aprot2,223
4027,heyak,224
4027,heyak,224
4027,heyak,224
402,tuye,225
402,tuye,225
402,tuye,225
4032,provs,226
4032,provs,226
4032,provs,226
4036,forcer,227
4036,forcer,227
4036,forcer,227
4039,horn,228
4039,horn,228
4039,horn,228
4040,rockr,229
4040,rockr,229
4040,rockr,229
4041,chnut,230
4041,chnut,230
4041,chnut,230
4042,lumen,231
4042,lumen,231
4042,lumen,231
4043,erato,232
4043,erato,232
4043,erato,232
4045,heidi,233
4045,heidi,233
4045,heidi,233
4046,ebnhlz,234
4046,ebnhlz,234
4046,ebnhlz,234
4047,pianst,235
4047,pianst,235
4047,pianst,235
4048,doroth,236
4048,doroth,236
4048,doroth,236
4054,malist,237
4054,malist,237
4054,malist,237
4055,bgsnow,238
4055,bgsnow,238
4055,bgsnow,238
405,absin,239
405,absin,239
405,absin,239
4062,totter,240
4062,totter,240
4063,quartz,241
4063,quartz,241
4064,mlynar,242
4064,mlynar,242
4064,mlynar,242
4065,judge,243
4065,judge,243
4065,judge,243
4065,judge,243
4066,highmo,244
4066,highmo,244
4066,highmo,244
4067,lolxh,245
4067,lolxh,245
4071,peper,246
4071,peper,246
4071,peper,246
4072,ironmn,247
4072,ironmn,247
4072,ironmn,247
4077,palico,248
4077,palico,248
4078,bdhkgt,249
4078,bdhkgt,249
4078,bdhkgt,249
4079,haini,250
4079,haini,250
4080,lin,251
4080,lin,251
4080,lin,251
4081,warmy,252
4081,warmy,252
4082,qiubai,253
4082,qiubai,253
4082,qiubai,253
4082,qiubai,253
4083,chimes,254
4083,chimes,254
4087,ines,255
4087,ines,255
4087,ines,255
4088,hodrer,256
4088,hodrer,256
4091,ulika,257
4091,ulika,257
4093,frston,258
4098,vvana,259
4098,vvana,259
4100,caper,260
4100,caper,260
4102,threye,261
4102,threye,261
4104,coldst,262
4104,coldst,262
4105,almond,263
4105,almond,263
4106,bryota,264
4106,bryota,264
4107,vrdant,265
4107,vrdant,265
4109,baslin,266
4109,baslin,266
4110,delphn,267
4110,delphn,267
4114,harold,268
4114,harold,268
4116,blkkgt,269
4116,blkkgt,269
4117,ray,270
4117,ray,270
4119,wanqin,271
4119,wanqin,271
411,tomimi,272
411,tomimi,272
411,tomimi,272
4121,zuole,273
4121,zuole,273
4122,grabds,274
4122,grabds,274
4122,grabds,274
4123,ela,275
4123,ela,275
4123,ela,275
4124,iana,276
4124,iana,276
4124,iana,276
4125,rdoc,277
4125,rdoc,277
4125,rdoc,277
4126,fuze,278
4126,fuze,278
4130,luton,279
4130,luton,279
4131,odda,280
4131,odda,280
4132,ascln,281
4132,ascln,281
4133,logos,282
4133,logos,282
4134,cetsyr,283
4134,cetsyr,283
4136,phonor,284
4137,udflow,285
4137,udflow,285
4145,ulpia,286
4145,ulpia,286
415,flint,287
415,flint,287
415,flint,287
416,zumama,288
416,zumama,288
416,zumama,288
420,flamtl,289
420,flamtl,289
420,flamtl,289
421,crow,290
421,crow,290
421,crow,290
422,aurora,291
422,aurora,291
422,aurora,291
423,blemsh,292
423,blemsh,292
423,blemsh,292
426,billro,293
426,billro,293
426,billro,293
426,billro,293
427,vigil,294
427,vigil,294
427,vigil,294
430,fartth,295
430,fartth,295
430,fartth,295
431,ashlok,296
431,ashlok,296
431,ashlok,296
433,windft,297
433,windft,297
436,whispr,298
436,whispr,298
436,whispr,298
436,whispr,298
437,mizuki,299
437,mizuki,299
437,mizuki,299
440,pinecn,300
440,pinecn,300
440,pinecn,300
440,pinecn,300
446,aroma,301
446,aroma,301
449,glider,302
449,glider,302
449,glider,302
449,glider,302
451,robin,303
451,robin,303
451,robin,303
452,bstalk,304
452,bstalk,304
452,bstalk,304
455,nothin,305
455,nothin,305
455,nothin,305
456,ash,306
456,ash,306
456,ash,306
457,blitz,307
457,blitz,307
458,rfrost,308
458,rfrost,308
459,tachak,309
459,tachak,309
459,tachak,309
464,cement,310
464,cement,310
464,cement,310
466,qanik,311
466,qanik,311
466,qanik,311
469,indigo,312
469,indigo,312
469,indigo,312
472,pasngr,313
472,pasngr,313
472,pasngr,313
473,mberry,314
473,mberry,314
473,mberry,314
473,mberry,314
474,glady,315
474,glady,315
474,glady,315
474,glady,315
475,akafyu,316
475,akafyu,316
475,akafyu,316
476,blkngt,317
476,blkngt,317
476,blkngt,317
476,blkngt,317
478,kirara,318
478,kirara,318
478,kirara,318
479,sleach,319
479,sleach,319
479,sleach,319
479,sleach,319
484,robrta,320
484,robrta,320
484,robrta,320
484,robrta,320
485,pallas,321
485,pallas,321
485,pallas,321
485,pallas,321
486,takila,322
486,takila,322
486,takila,322
488,buildr,323
488,buildr,323
489,serum,324
489,serum,324
489,serum,324
491,humus,325
491,humus,325
492,quercu,326
492,quercu,326
492,quercu,326
492,quercu,326
493,firwhl,327
493,firwhl,327
494,vendla,328
494,vendla,328
496,wildmn,329
496,wildmn,329
496,wildmn,329
497,ctable,330
497,ctable,330
497,ctable,330
498,inside,331
498,inside,331
498,inside,331
499,kaitou,332
499,kaitou,332
500,noirc,333
501,durin,334
502,nblade,335
503,rang,336
504,rguard,337
505,rcast,338
506,rmedic,339
507,rsnipe,340
508,aguard,341
508,aguard,341
509,acast,342
509,acast,342
510,amedic,343
510,amedic,343
511,asnipe,344
511,asnipe,344
512,aprot,345
512,aprot,345
513,apionr,346
513,apionr,346
514,rdfend,347
